Postal Code,Planning Region,Planning Area
759151,NORTH REGION,MANDAI
098656,CENTRAL REGION,BUKIT MERAH
597592,CENTRAL REGION,BUKIT TIMAH
768445,NORTH REGION,YISHUN
098641,CENTRAL REGION,BUKIT MERAH
545043,NORTH EAST REGION,SENGKANG
806746,NORTH EAST REGION,ANG MO KIO
529234,EAST REGION,TAMPINES
018987,CENTRAL REGION,DOWNTOWN CORE
538683,NORTH EAST REGION,HOUGANG
239228,CENTRAL REGION,RIVER VALLEY
529870,EAST REGION,TAMPINES
059108,CENTRAL REGION,OUTRAM
529774,EAST REGION,TAMPINES
659920,WEST REGION,BUKIT BATOK
528807,EAST REGION,TAMPINES
738096,NORTH REGION,WOODLANDS
588998,CENTRAL REGION,BUKIT TIMAH
328071,CENTRAL REGION,KALLANG
609781,WEST REGION,JURONG EAST
478929,EAST REGION,BEDOK
519961,EAST REGION,PASIR RIS
545084,NORTH EAST REGION,SENGKANG
098650,CENTRAL REGION,BUKIT MERAH
579800,CENTRAL REGION,BISHAN
649811,WEST REGION,JURONG WEST
489929,EAST REGION,BEDOK
689049,WEST REGION,CHOA CHU KANG
529861,EAST REGION,TAMPINES
436927,CENTRAL REGION,KALLANG
469976,EAST REGION,BEDOK
529891,EAST REGION,TAMPINES
545075,NORTH EAST REGION,SENGKANG
587843,WEST REGION,BUKIT PANJANG
436923,CENTRAL REGION,KALLANG
579725,CENTRAL REGION,TOA PAYOH
529946,EAST REGION,TAMPINES
449032,EAST REGION,BEDOK
556743,NORTH EAST REGION,SERANGOON
289844,CENTRAL REGION,BUKIT TIMAH
548192,NORTH EAST REGION,HOUGANG
109258,CENTRAL REGION,BUKIT MERAH
118172,CENTRAL REGION,QUEENSTOWN
249565,CENTRAL REGION,TANGLIN
579801,CENTRAL REGION,BISHAN
436922,CENTRAL REGION,KALLANG
659802,WEST REGION,BUKIT BATOK
307953,CENTRAL REGION,NOVENA
658881,WEST REGION,BUKIT BATOK
534198,NORTH EAST REGION,HOUGANG
159013,CENTRAL REGION,BUKIT MERAH
129205,WEST REGION,CLEMENTI
798595,NORTH EAST REGION,HOUGANG
398028,CENTRAL REGION,GEYLANG
129202,WEST REGION,CLEMENTI
545019,NORTH EAST REGION,HOUGANG
138679,CENTRAL REGION,QUEENSTOWN
738086,NORTH REGION,WOODLANDS
228463,CENTRAL REGION,ROCHOR
529890,EAST REGION,TAMPINES
689050,WEST REGION,CHOA CHU KANG
649813,WEST REGION,JURONG WEST
659921,WEST REGION,BUKIT BATOK
556748,NORTH EAST REGION,SERANGOON
388134,CENTRAL REGION,GEYLANG
545085,NORTH EAST REGION,SENGKANG
556122,NORTH EAST REGION,SERANGOON
659801,WEST REGION,BUKIT BATOK
545044,NORTH EAST REGION,SENGKANG
579820,CENTRAL REGION,BISHAN
448909,EAST REGION,BEDOK
556744,NORTH EAST REGION,SERANGOON
528800,EAST REGION,TAMPINES
689099,WEST REGION,CHOA CHU KANG
437431,CENTRAL REGION,KALLANG
207853,CENTRAL REGION,KALLANG
649413,WEST REGION,JURONG WEST
575568,CENTRAL REGION,BISHAN
389754,CENTRAL REGION,GEYLANG
556114,NORTH EAST REGION,SERANGOON
018985,CENTRAL REGION,DOWNTOWN CORE
589474,CENTRAL REGION,BUKIT TIMAH
529942,EAST REGION,TAMPINES
437436,CENTRAL REGION,KALLANG
208747,CENTRAL REGION,KALLANG
519495,EAST REGION,PASIR RIS
129200,WEST REGION,CLEMENTI
738094,NORTH REGION,WOODLANDS
576149,CENTRAL REGION,BISHAN
737935,NORTH REGION,WOODLANDS
609776,WEST REGION,JURONG EAST
228459,CENTRAL REGION,ROCHOR
579599,CENTRAL REGION,BISHAN
466665,EAST REGION,BEDOK
469978,EAST REGION,BEDOK
556113,NORTH EAST REGION,SERANGOON
529866,EAST REGION,TAMPINES
659442,WEST REGION,BUKIT BATOK
239194,CENTRAL REGION,RIVER VALLEY
579653,CENTRAL REGION,BISHAN
099197,CENTRAL REGION,BUKIT MERAH
438798,CENTRAL REGION,GEYLANG
307990,CENTRAL REGION,NOVENA
169814,CENTRAL REGION,BUKIT MERAH
389757,CENTRAL REGION,GEYLANG
469988,EAST REGION,BEDOK
469338,EAST REGION,BEDOK
548190,NORTH EAST REGION,HOUGANG
737920,NORTH REGION,WOODLANDS
737936,NORTH REGION,WOODLANDS
478928,EAST REGION,BEDOK
098620,CENTRAL REGION,SOUTHERN ISLANDS
659445,WEST REGION,BUKIT BATOK
529237,EAST REGION,TAMPINES
689673,WEST REGION,CHOA CHU KANG
545040,NORTH EAST REGION,SENGKANG
128038,WEST REGION,CLEMENTI
534199,NORTH EAST REGION,HOUGANG
529862,EAST REGION,TAMPINES
416826,EAST REGION,BEDOK
128805,WEST REGION,CLEMENTI
416827,EAST REGION,BEDOK
239225,CENTRAL REGION,RIVER VALLEY
289850,CENTRAL REGION,BUKIT TIMAH
529874,EAST REGION,TAMPINES
486442,EAST REGION,BEDOK
689529,WEST REGION,CHOA CHU KANG
648356,WEST REGION,JURONG WEST
449286,EAST REGION,BEDOK
596290,CENTRAL REGION,BUKIT TIMAH
648367,WEST REGION,JURONG WEST
528789,EAST REGION,TAMPINES
538686,NORTH EAST REGION,HOUGANG
439826,CENTRAL REGION,MARINE PARADE
169586,CENTRAL REGION,BUKIT MERAH
689528,WEST REGION,CHOA CHU KANG
678265,WEST REGION,BUKIT PANJANG
128795,WEST REGION,CLEMENTI
658882,WEST REGION,BUKIT BATOK
528827,EAST REGION,TAMPINES
649819,WEST REGION,JURONG WEST
148955,CENTRAL REGION,QUEENSTOWN
689680,WEST REGION,CHOA CHU KANG
538687,NORTH EAST REGION,HOUGANG
600117,WEST REGION,JURONG EAST
478932,EAST REGION,BEDOK
538800,NORTH EAST REGION,HOUGANG
579720,CENTRAL REGION,TOA PAYOH
579819,CENTRAL REGION,BISHAN
426277,EAST REGION,BEDOK
738084,NORTH REGION,WOODLANDS
529869,EAST REGION,TAMPINES
689575,WEST REGION,CHOA CHU KANG
129199,WEST REGION,CLEMENTI
469986,EAST REGION,BEDOK
806745,NORTH EAST REGION,ANG MO KIO
689681,WEST REGION,CHOA CHU KANG
398026,CENTRAL REGION,GEYLANG
457401,EAST REGION,BEDOK
649815,WEST REGION,JURONG WEST
534260,NORTH EAST REGION,HOUGANG
569787,NORTH EAST REGION,ANG MO KIO
419154,EAST REGION,BEDOK
129201,WEST REGION,CLEMENTI
080105,CENTRAL REGION,BUKIT MERAH
576150,CENTRAL REGION,BISHAN
247965,CENTRAL REGION,BUKIT MERAH
519959,EAST REGION,PASIR RIS
449028,EAST REGION,BEDOK
609778,WEST REGION,JURONG EAST
588996,CENTRAL REGION,BUKIT TIMAH
118173,CENTRAL REGION,QUEENSTOWN
678267,WEST REGION,BUKIT PANJANG
534206,NORTH EAST REGION,HOUGANG
556745,NORTH EAST REGION,SERANGOON
486062,EAST REGION,BEDOK
098450,CENTRAL REGION,SOUTHERN ISLANDS
448908,EAST REGION,BEDOK
128036,WEST REGION,CLEMENTI
757713,NORTH REGION,SEMBAWANG
649412,WEST REGION,JURONG WEST
658074,WEST REGION,BUKIT BATOK
528823,EAST REGION,TAMPINES
479241,EAST REGION,BEDOK
098655,CENTRAL REGION,BUKIT MERAH
436921,CENTRAL REGION,KALLANG
574044,CENTRAL REGION,BISHAN
589482,CENTRAL REGION,BUKIT TIMAH
436607,CENTRAL REGION,KALLANG
169483,CENTRAL REGION,BUKIT MERAH
768964,NORTH REGION,YISHUN
689674,WEST REGION,CHOA CHU KANG
519966,EAST REGION,PASIR RIS
389779,CENTRAL REGION,GEYLANG
239381,CENTRAL REGION,RIVER VALLEY
208766,CENTRAL REGION,KALLANG
599717,CENTRAL REGION,BUKIT TIMAH
689668,WEST REGION,CHOA CHU KANG
486365,EAST REGION,BEDOK
658880,WEST REGION,BUKIT BATOK
389756,CENTRAL REGION,GEYLANG
689051,WEST REGION,CHOA CHU KANG
787078,NORTH EAST REGION,ANG MO KIO
486364,EAST REGION,BEDOK
538685,NORTH EAST REGION,HOUGANG
609478,WEST REGION,JURONG EAST
528801,EAST REGION,TAMPINES
575577,CENTRAL REGION,BISHAN
787080,NORTH EAST REGION,ANG MO KIO
089692,CENTRAL REGION,OUTRAM
228462,CENTRAL REGION,ROCHOR
538807,NORTH EAST REGION,HOUGANG
469970,EAST REGION,BEDOK
098627,CENTRAL REGION,SOUTHERN ISLANDS
609774,WEST REGION,JURONG EAST
528786,EAST REGION,TAMPINES
529944,EAST REGION,TAMPINES
609777,WEST REGION,JURONG EAST
738093,NORTH REGION,WOODLANDS
208745,CENTRAL REGION,KALLANG
556124,NORTH EAST REGION,SERANGOON
538688,NORTH EAST REGION,HOUGANG
649927,WEST REGION,JURONG WEST
098657,CENTRAL REGION,BUKIT MERAH
138680,CENTRAL REGION,QUEENSTOWN
768452,NORTH REGION,YISHUN
469983,EAST REGION,BEDOK
509062,EAST REGION,PASIR RIS
529864,EAST REGION,TAMPINES
649810,WEST REGION,JURONG WEST
207852,CENTRAL REGION,KALLANG
487040,EAST REGION,BEDOK
528783,EAST REGION,TAMPINES
575575,CENTRAL REGION,BISHAN
128803,WEST REGION,CLEMENTI
659245,WEST REGION,BUKIT BATOK
469972,EAST REGION,BEDOK
478927,EAST REGION,BEDOK
478934,EAST REGION,BEDOK
689527,WEST REGION,CHOA CHU KANG
128801,WEST REGION,CLEMENTI
128048,WEST REGION,CLEMENTI
247966,CENTRAL REGION,BUKIT MERAH
509414,EAST REGION,PASIR RIS
479243,EAST REGION,BEDOK
479235,EAST REGION,BEDOK
449301,CENTRAL REGION,MARINE PARADE
079903,CENTRAL REGION,DOWNTOWN CORE
158747,CENTRAL REGION,BUKIT MERAH
574328,CENTRAL REGION,BISHAN
528805,EAST REGION,TAMPINES
787056,NORTH EAST REGION,ANG MO KIO
659443,WEST REGION,BUKIT BATOK
169659,CENTRAL REGION,SINGAPORE RIVER
738212,NORTH REGION,WOODLANDS
528785,EAST REGION,TAMPINES
389758,CENTRAL REGION,GEYLANG
545076,NORTH EAST REGION,SENGKANG
768447,NORTH REGION,YISHUN
468726,EAST REGION,BEDOK
465559,EAST REGION,BEDOK
529777,EAST REGION,TAMPINES
465558,EAST REGION,BEDOK
058416,CENTRAL REGION,SINGAPORE RIVER
239223,CENTRAL REGION,RIVER VALLEY
148954,CENTRAL REGION,QUEENSTOWN
529778,EAST REGION,TAMPINES
679976,WEST REGION,BUKIT PANJANG
457402,EAST REGION,BEDOK
208749,CENTRAL REGION,KALLANG
529236,EAST REGION,TAMPINES
159015,CENTRAL REGION,BUKIT MERAH
798594,NORTH EAST REGION,HOUGANG
469974,EAST REGION,BEDOK
128044,WEST REGION,CLEMENTI
737938,NORTH REGION,WOODLANDS
529947,EAST REGION,TAMPINES
138685,CENTRAL REGION,QUEENSTOWN
469296,EAST REGION,BEDOK
649814,WEST REGION,JURONG WEST
449285,EAST REGION,BEDOK
479232,EAST REGION,BEDOK
649812,WEST REGION,JURONG WEST
545018,NORTH EAST REGION,HOUGANG
689671,WEST REGION,CHOA CHU KANG
579723,CENTRAL REGION,TOA PAYOH
278636,CENTRAL REGION,BUKIT TIMAH
597594,CENTRAL REGION,BUKIT TIMAH
169588,CENTRAL REGION,BUKIT MERAH
098623,CENTRAL REGION,SOUTHERN ISLANDS
597593,CENTRAL REGION,BUKIT TIMAH
567741,NORTH EAST REGION,ANG MO KIO
218814,CENTRAL REGION,KALLANG
768431,NORTH REGION,YISHUN
556119,NORTH EAST REGION,SERANGOON
436918,CENTRAL REGION,KALLANG
469987,EAST REGION,BEDOK
579727,CENTRAL REGION,TOA PAYOH
388199,CENTRAL REGION,GEYLANG
679975,WEST REGION,BUKIT PANJANG
528784,EAST REGION,TAMPINES
148957,CENTRAL REGION,QUEENSTOWN
519964,EAST REGION,PASIR RIS
659247,WEST REGION,BUKIT BATOK
159012,CENTRAL REGION,BUKIT MERAH
798593,NORTH EAST REGION,HOUGANG
158746,CENTRAL REGION,BUKIT MERAH
486061,EAST REGION,BEDOK
259405,CENTRAL REGION,NEWTON
528808,EAST REGION,TAMPINES
799035,NORTH EAST REGION,HOUGANG
737921,NORTH REGION,WOODLANDS
229955,CENTRAL REGION,NEWTON
426278,EAST REGION,BEDOK
469993,EAST REGION,BEDOK
098651,CENTRAL REGION,BUKIT MERAH
509064,EAST REGION,PASIR RIS
449029,EAST REGION,BEDOK
469991,EAST REGION,BEDOK
737919,NORTH REGION,WOODLANDS
689682,WEST REGION,CHOA CHU KANG
169813,CENTRAL REGION,BUKIT MERAH
169568,CENTRAL REGION,BUKIT MERAH
519493,EAST REGION,PASIR RIS
648355,WEST REGION,JURONG WEST
436904,CENTRAL REGION,KALLANG
469337,EAST REGION,BEDOK
768453,NORTH REGION,YISHUN
787058,NORTH EAST REGION,ANG MO KIO
689677,WEST REGION,CHOA CHU KANG
428126,CENTRAL REGION,GEYLANG
457400,EAST REGION,BEDOK
469992,EAST REGION,BEDOK
590001,CENTRAL REGION,BUKIT TIMAH
768449,NORTH REGION,YISHUN
528781,EAST REGION,TAMPINES
437434,CENTRAL REGION,KALLANG
189651,CENTRAL REGION,ROCHOR
545024,NORTH EAST REGION,HOUGANG
659637,WEST REGION,BUKIT BATOK
529943,EAST REGION,TAMPINES
659804,WEST REGION,BUKIT BATOK
689097,WEST REGION,CHOA CHU KANG
587972,WEST REGION,BUKIT PANJANG
319771,CENTRAL REGION,TOA PAYOH
169878,CENTRAL REGION,OUTRAM
600122,WEST REGION,JURONG EAST
597590,CENTRAL REGION,BUKIT TIMAH
098635,CENTRAL REGION,BUKIT MERAH
648360,WEST REGION,JURONG WEST
689048,WEST REGION,CHOA CHU KANG
528780,EAST REGION,TAMPINES
529892,EAST REGION,TAMPINES
169480,CENTRAL REGION,BUKIT MERAH
567746,NORTH EAST REGION,ANG MO KIO
545086,NORTH EAST REGION,SENGKANG
648927,WEST REGION,JURONG WEST
768451,NORTH REGION,YISHUN
089775,CENTRAL REGION,BUKIT MERAH
529945,EAST REGION,TAMPINES
575574,CENTRAL REGION,BISHAN
738085,NORTH REGION,WOODLANDS
538750,NORTH EAST REGION,HOUGANG
436925,CENTRAL REGION,KALLANG
469973,EAST REGION,BEDOK
768962,NORTH REGION,YISHUN
567748,NORTH EAST REGION,ANG MO KIO
689577,WEST REGION,CHOA CHU KANG
579726,CENTRAL REGION,TOA PAYOH
519491,EAST REGION,PASIR RIS
618645,WEST REGION,JURONG EAST
579722,CENTRAL REGION,TOA PAYOH
609479,WEST REGION,JURONG EAST
486060,EAST REGION,BEDOK
768438,NORTH REGION,YISHUN
528792,EAST REGION,TAMPINES
689676,WEST REGION,CHOA CHU KANG
587846,WEST REGION,BUKIT PANJANG
536492,NORTH EAST REGION,SERANGOON
556135,NORTH EAST REGION,SERANGOON
528782,EAST REGION,TAMPINES
689685,WEST REGION,CHOA CHU KANG
738091,NORTH REGION,WOODLANDS
098652,CENTRAL REGION,BUKIT MERAH
138686,CENTRAL REGION,QUEENSTOWN
469990,EAST REGION,BEDOK
787059,NORTH EAST REGION,ANG MO KIO
689683,WEST REGION,CHOA CHU KANG
737917,NORTH REGION,WOODLANDS
519492,EAST REGION,PASIR RIS
289851,CENTRAL REGION,BUKIT TIMAH
189647,CENTRAL REGION,ROCHOR
556747,NORTH EAST REGION,SERANGOON
659636,WEST REGION,BUKIT BATOK
768426,NORTH REGION,YISHUN
649411,WEST REGION,JURONG WEST
479236,EAST REGION,BEDOK
438797,CENTRAL REGION,GEYLANG
738211,NORTH REGION,WOODLANDS
248706,CENTRAL REGION,RIVER VALLEY
787082,NORTH EAST REGION,ANG MO KIO
569788,NORTH EAST REGION,ANG MO KIO
169658,CENTRAL REGION,SINGAPORE RIVER
569761,NORTH EAST REGION,ANG MO KIO
436593,CENTRAL REGION,KALLANG
528779,EAST REGION,TAMPINES
469985,EAST REGION,BEDOK
479237,EAST REGION,BEDOK
648362,WEST REGION,JURONG WEST
799036,NORTH EAST REGION,HOUGANG
479242,EAST REGION,BEDOK
269196,CENTRAL REGION,BUKIT TIMAH
574045,CENTRAL REGION,BISHAN
778905,NORTH REGION,YISHUN
208741,CENTRAL REGION,KALLANG
545118,NORTH EAST REGION,SENGKANG
738087,NORTH REGION,WOODLANDS
128046,WEST REGION,CLEMENTI
138678,CENTRAL REGION,QUEENSTOWN
569786,NORTH EAST REGION,ANG MO KIO
128798,WEST REGION,CLEMENTI
787057,NORTH EAST REGION,ANG MO KIO
518768,EAST REGION,PASIR RIS
249473,CENTRAL REGION,TANGLIN
126832,WEST REGION,CLEMENTI
609650,WEST REGION,JURONG EAST
575578,CENTRAL REGION,BISHAN
518769,EAST REGION,PASIR RIS
597591,CENTRAL REGION,BUKIT TIMAH
436916,CENTRAL REGION,KALLANG
099206,CENTRAL REGION,BUKIT MERAH
569763,NORTH EAST REGION,ANG MO KIO
436931,CENTRAL REGION,KALLANG
798592,NORTH EAST REGION,HOUGANG
469982,EAST REGION,BEDOK
436932,CENTRAL REGION,KALLANG
199018,CENTRAL REGION,KALLANG
759155,NORTH REGION,MANDAI
269203,CENTRAL REGION,BUKIT TIMAH
556133,NORTH EAST REGION,SERANGOON
609779,WEST REGION,JURONG EAST
567743,NORTH EAST REGION,ANG MO KIO
689686,WEST REGION,CHOA CHU KANG
449295,EAST REGION,BEDOK
538802,NORTH EAST REGION,HOUGANG
269198,CENTRAL REGION,BUKIT TIMAH
545042,NORTH EAST REGION,SENGKANG
648925,WEST REGION,JURONG WEST
518770,EAST REGION,PASIR RIS
436606,CENTRAL REGION,KALLANG
469975,EAST REGION,BEDOK
648923,WEST REGION,JURONG WEST
609782,WEST REGION,JURONG EAST
529876,EAST REGION,TAMPINES
436914,CENTRAL REGION,KALLANG
534207,NORTH EAST REGION,HOUGANG
534205,NORTH EAST REGION,HOUGANG
529948,EAST REGION,TAMPINES
679973,WEST REGION,BUKIT PANJANG
556121,NORTH EAST REGION,SERANGOON
591401,CENTRAL REGION,BUKIT TIMAH
509068,EAST REGION,PASIR RIS
669620,WEST REGION,BUKIT BATOK
689669,WEST REGION,CHOA CHU KANG
118175,CENTRAL REGION,QUEENSTOWN
466663,EAST REGION,BEDOK
534203,NORTH EAST REGION,HOUGANG
518767,EAST REGION,PASIR RIS
567749,NORTH EAST REGION,ANG MO KIO
649925,WEST REGION,JURONG WEST
118998,CENTRAL REGION,QUEENSTOWN
169660,CENTRAL REGION,SINGAPORE RIVER
519960,EAST REGION,PASIR RIS
289843,CENTRAL REGION,BUKIT TIMAH
449027,EAST REGION,BEDOK
538803,NORTH EAST REGION,HOUGANG
436919,CENTRAL REGION,KALLANG
278698,CENTRAL REGION,BUKIT TIMAH
478930,EAST REGION,BEDOK
478931,EAST REGION,BEDOK
098584,CENTRAL REGION,SOUTHERN ISLANDS
138684,CENTRAL REGION,QUEENSTOWN
128045,WEST REGION,CLEMENTI
187948,CENTRAL REGION,ROCHOR
648365,WEST REGION,JURONG WEST
574329,CENTRAL REGION,BISHAN
469971,EAST REGION,BEDOK
689574,WEST REGION,CHOA CHU KANG
648358,WEST REGION,JURONG WEST
278104,CENTRAL REGION,BUKIT TIMAH
249114,CENTRAL REGION,TANGLIN
689684,WEST REGION,CHOA CHU KANG
509059,EAST REGION,PASIR RIS
269201,CENTRAL REGION,BUKIT TIMAH
509408,EAST REGION,PASIR RIS
648366,WEST REGION,JURONG WEST
545125,NORTH EAST REGION,SENGKANG
466664,EAST REGION,BEDOK
449298,CENTRAL REGION,MARINE PARADE
478936,EAST REGION,BEDOK
737940,NORTH REGION,WOODLANDS
449300,CENTRAL REGION,MARINE PARADE
575630,CENTRAL REGION,BISHAN
609780,WEST REGION,JURONG EAST
437433,CENTRAL REGION,KALLANG
128047,WEST REGION,CLEMENTI
768428,NORTH REGION,YISHUN
428127,CENTRAL REGION,GEYLANG
589484,CENTRAL REGION,BUKIT TIMAH
269204,CENTRAL REGION,BUKIT TIMAH
436924,CENTRAL REGION,KALLANG
768448,NORTH REGION,YISHUN
597595,CENTRAL REGION,BUKIT TIMAH
528787,EAST REGION,TAMPINES
528810,EAST REGION,TAMPINES
536445,NORTH EAST REGION,SERANGOON
768966,NORTH REGION,YISHUN
529868,EAST REGION,TAMPINES
469984,EAST REGION,BEDOK
534204,NORTH EAST REGION,HOUGANG
659246,WEST REGION,BUKIT BATOK
529233,EAST REGION,TAMPINES
738098,NORTH REGION,WOODLANDS
479234,EAST REGION,BEDOK
659248,WEST REGION,BUKIT BATOK
529772,EAST REGION,TAMPINES
128794,WEST REGION,CLEMENTI
806748,NORTH EAST REGION,ANG MO KIO
126826,WEST REGION,CLEMENTI
469981,EAST REGION,BEDOK
449284,EAST REGION,BEDOK
534202,NORTH EAST REGION,HOUGANG
169481,CENTRAL REGION,BUKIT MERAH
529863,EAST REGION,TAMPINES
119002,CENTRAL REGION,QUEENSTOWN
448906,EAST REGION,BEDOK
449288,EAST REGION,BEDOK
609477,WEST REGION,JURONG EAST
538804,NORTH EAST REGION,HOUGANG
768429,NORTH REGION,YISHUN
738090,NORTH REGION,WOODLANDS
609775,WEST REGION,JURONG EAST
298090,CENTRAL REGION,NOVENA
528795,EAST REGION,TAMPINES
478935,EAST REGION,BEDOK
679978,WEST REGION,BUKIT PANJANG
587844,WEST REGION,BUKIT PANJANG
737922,NORTH REGION,WOODLANDS
787079,NORTH EAST REGION,ANG MO KIO
126828,WEST REGION,CLEMENTI
738097,NORTH REGION,WOODLANDS
098646,CENTRAL REGION,BUKIT MERAH
319772,CENTRAL REGION,TOA PAYOH
768436,NORTH REGION,YISHUN
648351,WEST REGION,JURONG WEST
649816,WEST REGION,JURONG WEST
528824,EAST REGION,TAMPINES
545022,NORTH EAST REGION,HOUGANG
768434,NORTH REGION,YISHUN
556112,NORTH EAST REGION,SERANGOON
126842,WEST REGION,CLEMENTI
528803,EAST REGION,TAMPINES
436929,CENTRAL REGION,KALLANG
534208,NORTH EAST REGION,HOUGANG
529875,EAST REGION,TAMPINES
589320,WEST REGION,BUKIT PANJANG
289849,CENTRAL REGION,BUKIT TIMAH
449297,CENTRAL REGION,MARINE PARADE
479240,EAST REGION,BEDOK
556130,NORTH EAST REGION,SERANGOON
768430,NORTH REGION,YISHUN
509409,EAST REGION,PASIR RIS
768440,NORTH REGION,YISHUN
587847,WEST REGION,BUKIT PANJANG
759154,NORTH REGION,MANDAI
600124,WEST REGION,JURONG EAST
457398,EAST REGION,BEDOK
298088,CENTRAL REGION,NOVENA
738081,NORTH REGION,WOODLANDS
098649,CENTRAL REGION,BUKIT MERAH
649820,WEST REGION,JURONG WEST
126837,WEST REGION,CLEMENTI
738230,NORTH REGION,WOODLANDS
529235,EAST REGION,TAMPINES
469297,EAST REGION,BEDOK
128802,WEST REGION,CLEMENTI
768965,NORTH REGION,YISHUN
138687,CENTRAL REGION,QUEENSTOWN
737918,NORTH REGION,WOODLANDS
579731,CENTRAL REGION,TOA PAYOH
249567,CENTRAL REGION,TANGLIN
575570,CENTRAL REGION,BISHAN
428100,CENTRAL REGION,GEYLANG
128797,WEST REGION,CLEMENTI
689672,WEST REGION,CHOA CHU KANG
098647,CENTRAL REGION,BUKIT MERAH
529240,EAST REGION,TAMPINES
099209,CENTRAL REGION,BUKIT MERAH
738209,NORTH REGION,WOODLANDS
548193,NORTH EAST REGION,HOUGANG
529232,EAST REGION,TAMPINES
528791,EAST REGION,TAMPINES
768427,NORTH REGION,YISHUN
269197,CENTRAL REGION,BUKIT TIMAH
679974,WEST REGION,BUKIT PANJANG
529878,EAST REGION,TAMPINES
128049,WEST REGION,CLEMENTI
099196,CENTRAL REGION,BUKIT MERAH
738092,NORTH REGION,WOODLANDS
648353,WEST REGION,JURONG WEST
098449,CENTRAL REGION,SOUTHERN ISLANDS
278106,CENTRAL REGION,BUKIT TIMAH
128040,WEST REGION,CLEMENTI
417660,EAST REGION,BEDOK
388133,CENTRAL REGION,GEYLANG
529865,EAST REGION,TAMPINES
648357,WEST REGION,JURONG WEST
309431,CENTRAL REGION,NOVENA
548189,NORTH EAST REGION,HOUGANG
669621,WEST REGION,BUKIT BATOK
416883,EAST REGION,BEDOK
478933,EAST REGION,BEDOK
469977,EAST REGION,BEDOK
269200,CENTRAL REGION,BUKIT TIMAH
129204,WEST REGION,CLEMENTI
179094,CENTRAL REGION,DOWNTOWN CORE
218815,CENTRAL REGION,KALLANG
389778,CENTRAL REGION,GEYLANG
509066,EAST REGION,PASIR RIS
768425,NORTH REGION,YISHUN
738082,NORTH REGION,WOODLANDS
428096,CENTRAL REGION,GEYLANG
569765,NORTH EAST REGION,ANG MO KIO
689103,WEST REGION,CHOA CHU KANG
768446,NORTH REGION,YISHUN
679977,WEST REGION,BUKIT PANJANG
600119,WEST REGION,JURONG EAST
579730,CENTRAL REGION,TOA PAYOH
238252,CENTRAL REGION,SINGAPORE RIVER
518765,EAST REGION,PASIR RIS
579728,CENTRAL REGION,TOA PAYOH
528796,EAST REGION,TAMPINES
545119,NORTH EAST REGION,SENGKANG
528811,EAST REGION,TAMPINES
587848,WEST REGION,BUKIT PANJANG
199591,CENTRAL REGION,DOWNTOWN CORE
539748,NORTH EAST REGION,HOUGANG
509065,EAST REGION,PASIR RIS
428124,CENTRAL REGION,GEYLANG
289852,CENTRAL REGION,BUKIT TIMAH
738210,NORTH REGION,WOODLANDS
579733,CENTRAL REGION,TOA PAYOH
528802,EAST REGION,TAMPINES
534209,NORTH EAST REGION,HOUGANG
449026,EAST REGION,BEDOK
207855,CENTRAL REGION,KALLANG
436608,CENTRAL REGION,KALLANG
126840,WEST REGION,CLEMENTI
588377,CENTRAL REGION,BUKIT TIMAH
289853,CENTRAL REGION,BUKIT TIMAH
518766,EAST REGION,PASIR RIS
129195,WEST REGION,CLEMENTI
169661,CENTRAL REGION,SINGAPORE RIVER
169016,CENTRAL REGION,OUTRAM
518764,EAST REGION,PASIR RIS
599001,CENTRAL REGION,BUKIT TIMAH
479233,EAST REGION,BEDOK
529239,EAST REGION,TAMPINES
589483,CENTRAL REGION,BUKIT TIMAH
457406,EAST REGION,BEDOK
509410,EAST REGION,PASIR RIS
567747,NORTH EAST REGION,ANG MO KIO
778893,NORTH REGION,YISHUN
689670,WEST REGION,CHOA CHU KANG
126838,WEST REGION,CLEMENTI
128035,WEST REGION,CLEMENTI
556134,NORTH EAST REGION,SERANGOON
609783,WEST REGION,JURONG EAST
548191,NORTH EAST REGION,HOUGANG
309433,CENTRAL REGION,NOVENA
449031,EAST REGION,BEDOK
238619,CENTRAL REGION,RIVER VALLEY
556132,NORTH EAST REGION,SERANGOON
648363,WEST REGION,JURONG WEST
528794,EAST REGION,TAMPINES
126836,WEST REGION,CLEMENTI
169638,CENTRAL REGION,BUKIT MERAH
519962,EAST REGION,PASIR RIS
169479,CENTRAL REGION,BUKIT MERAH
126839,WEST REGION,CLEMENTI
759152,NORTH REGION,MANDAI
426282,EAST REGION,BEDOK
098640,CENTRAL REGION,BUKIT MERAH
659244,WEST REGION,BUKIT BATOK
486137,EAST REGION,BEDOK
649821,WEST REGION,JURONG WEST
126835,WEST REGION,CLEMENTI
738089,NORTH REGION,WOODLANDS
465535,EAST REGION,BEDOK
098622,CENTRAL REGION,SOUTHERN ISLANDS
465534,EAST REGION,BEDOK
078878,CENTRAL REGION,DOWNTOWN CORE
529771,EAST REGION,TAMPINES
738207,NORTH REGION,WOODLANDS
059608,CENTRAL REGION,SINGAPORE RIVER
457403,EAST REGION,BEDOK
649824,WEST REGION,JURONG WEST
534201,NORTH EAST REGION,HOUGANG
545045,NORTH EAST REGION,SENGKANG
448907,EAST REGION,BEDOK
618647,WEST REGION,JURONG EAST
648361,WEST REGION,JURONG WEST
469298,EAST REGION,BEDOK
387882,CENTRAL REGION,GEYLANG
449033,EAST REGION,BEDOK
465525,EAST REGION,BEDOK
737934,NORTH REGION,WOODLANDS
465529,EAST REGION,BEDOK
689675,WEST REGION,CHOA CHU KANG
465536,EAST REGION,BEDOK
465527,EAST REGION,BEDOK
258468,CENTRAL REGION,TANGLIN
529880,EAST REGION,TAMPINES
759150,NORTH REGION,MANDAI
768433,NORTH REGION,YISHUN
509060,EAST REGION,PASIR RIS
689579,WEST REGION,CHOA CHU KANG
689580,WEST REGION,CHOA CHU KANG
545023,NORTH EAST REGION,HOUGANG
449025,EAST REGION,BEDOK
249566,CENTRAL REGION,TANGLIN
589487,CENTRAL REGION,BUKIT TIMAH
128037,WEST REGION,CLEMENTI
239224,CENTRAL REGION,RIVER VALLEY
759153,NORTH REGION,MANDAI
649822,WEST REGION,JURONG WEST
587973,WEST REGION,BUKIT PANJANG
588374,CENTRAL REGION,BUKIT TIMAH
648359,WEST REGION,JURONG WEST
098616,CENTRAL REGION,SOUTHERN ISLANDS
465560,EAST REGION,BEDOK
436920,CENTRAL REGION,KALLANG
529877,EAST REGION,TAMPINES
509063,EAST REGION,PASIR RIS
609653,WEST REGION,JURONG EAST
129203,WEST REGION,CLEMENTI
128041,WEST REGION,CLEMENTI
778904,NORTH REGION,YISHUN
768439,NORTH REGION,YISHUN
126829,WEST REGION,CLEMENTI
588373,CENTRAL REGION,BUKIT TIMAH
098653,CENTRAL REGION,BUKIT MERAH
099208,CENTRAL REGION,BUKIT MERAH
098642,CENTRAL REGION,BUKIT MERAH
567745,NORTH EAST REGION,ANG MO KIO
289845,CENTRAL REGION,BUKIT TIMAH
486356,EAST REGION,BEDOK
589486,CENTRAL REGION,BUKIT TIMAH
428125,CENTRAL REGION,GEYLANG
098643,CENTRAL REGION,BUKIT MERAH
127451,WEST REGION,CLEMENTI
737937,NORTH REGION,WOODLANDS
649929,WEST REGION,JURONG WEST
269199,CENTRAL REGION,BUKIT TIMAH
248648,CENTRAL REGION,RIVER VALLEY
509069,EAST REGION,PASIR RIS
528826,EAST REGION,TAMPINES
218816,CENTRAL REGION,KALLANG
509058,EAST REGION,PASIR RIS
648352,WEST REGION,JURONG WEST
567744,NORTH EAST REGION,ANG MO KIO
588177,CENTRAL REGION,BUKIT TIMAH
592001,CENTRAL REGION,BUKIT TIMAH
126843,WEST REGION,CLEMENTI
529871,EAST REGION,TAMPINES
579724,CENTRAL REGION,TOA PAYOH
127450,WEST REGION,CLEMENTI
098621,CENTRAL REGION,SOUTHERN ISLANDS
228149,CENTRAL REGION,ROCHOR
127363,WEST REGION,CLEMENTI
618644,WEST REGION,JURONG EAST
587849,WEST REGION,BUKIT PANJANG
609480,WEST REGION,JURONG EAST
126834,WEST REGION,CLEMENTI
618649,WEST REGION,JURONG EAST
098617,CENTRAL REGION,SOUTHERN ISLANDS
649823,WEST REGION,JURONG WEST
278102,CENTRAL REGION,BUKIT TIMAH
465530,EAST REGION,BEDOK
098625,CENTRAL REGION,SOUTHERN ISLANDS
598010,CENTRAL REGION,BUKIT TIMAH
575572,CENTRAL REGION,BISHAN
449290,EAST REGION,BEDOK
465533,EAST REGION,BEDOK
589485,CENTRAL REGION,BUKIT TIMAH
618643,WEST REGION,JURONG EAST
556131,NORTH EAST REGION,SERANGOON
457399,EAST REGION,BEDOK
759075,NORTH REGION,MANDAI
587842,WEST REGION,BUKIT PANJANG
229627,CENTRAL REGION,NEWTON
127446,WEST REGION,CLEMENTI
328847,CENTRAL REGION,NOVENA
737939,NORTH REGION,WOODLANDS
574327,CENTRAL REGION,BISHAN
589318,WEST REGION,BUKIT PANJANG
806747,NORTH EAST REGION,ANG MO KIO
569764,NORTH EAST REGION,ANG MO KIO
600120,WEST REGION,JURONG EAST
128793,WEST REGION,CLEMENTI
689093,WEST REGION,CHOA CHU KANG
587850,WEST REGION,BUKIT PANJANG
436928,CENTRAL REGION,KALLANG
648926,WEST REGION,JURONG WEST
416828,EAST REGION,BEDOK
098626,CENTRAL REGION,SOUTHERN ISLANDS
538805,NORTH EAST REGION,HOUGANG
669619,WEST REGION,BUKIT BATOK
469336,EAST REGION,BEDOK
128042,WEST REGION,CLEMENTI
528825,EAST REGION,TAMPINES
509413,EAST REGION,PASIR RIS
544987,NORTH EAST REGION,SENGKANG
689094,WEST REGION,CHOA CHU KANG
544985,NORTH EAST REGION,SENGKANG
689096,WEST REGION,CHOA CHU KANG
119000,CENTRAL REGION,QUEENSTOWN
529773,EAST REGION,TAMPINES
528804,EAST REGION,TAMPINES
648364,WEST REGION,JURONG WEST
080101,CENTRAL REGION,BUKIT MERAH
129206,WEST REGION,CLEMENTI
289674,CENTRAL REGION,BUKIT TIMAH
528788,EAST REGION,TAMPINES
587841,WEST REGION,BUKIT PANJANG
457404,EAST REGION,BEDOK
569758,NORTH EAST REGION,ANG MO KIO
545021,NORTH EAST REGION,HOUGANG
465526,EAST REGION,BEDOK
127343,WEST REGION,CLEMENTI
519464,EAST REGION,PASIR RIS
519460,EAST REGION,PASIR RIS
519463,EAST REGION,PASIR RIS
509067,EAST REGION,PASIR RIS
689679,WEST REGION,CHOA CHU KANG
528793,EAST REGION,TAMPINES
536443,NORTH EAST REGION,SERANGOON
519459,EAST REGION,PASIR RIS
618650,WEST REGION,JURONG EAST
538749,NORTH EAST REGION,HOUGANG
465524,EAST REGION,BEDOK
569762,NORTH EAST REGION,ANG MO KIO
575571,CENTRAL REGION,BISHAN
544990,NORTH EAST REGION,SENGKANG
545020,NORTH EAST REGION,HOUGANG
519462,EAST REGION,PASIR RIS
228457,CENTRAL REGION,ROCHOR
126831,WEST REGION,CLEMENTI
536491,NORTH EAST REGION,SERANGOON
598001,CENTRAL REGION,BUKIT TIMAH
449302,CENTRAL REGION,MARINE PARADE
449292,EAST REGION,BEDOK
098637,CENTRAL REGION,BUKIT MERAH
768961,NORTH REGION,YISHUN
098619,CENTRAL REGION,SOUTHERN ISLANDS
259403,CENTRAL REGION,NEWTON
618648,WEST REGION,JURONG EAST
449287,EAST REGION,BEDOK
587845,WEST REGION,BUKIT PANJANG
118170,CENTRAL REGION,QUEENSTOWN
436915,CENTRAL REGION,KALLANG
449030,EAST REGION,BEDOK
649928,WEST REGION,JURONG WEST
579735,CENTRAL REGION,TOA PAYOH
544993,NORTH EAST REGION,SENGKANG
127452,WEST REGION,CLEMENTI
266625,CENTRAL REGION,BUKIT TIMAH
529776,EAST REGION,TAMPINES
519494,EAST REGION,PASIR RIS
588375,CENTRAL REGION,BUKIT TIMAH
556125,NORTH EAST REGION,SERANGOON
558962,NORTH EAST REGION,SERANGOON
428121,CENTRAL REGION,GEYLANG
544984,NORTH EAST REGION,SENGKANG
519963,EAST REGION,PASIR RIS
509061,EAST REGION,PASIR RIS
768437,NORTH REGION,YISHUN
138642,CENTRAL REGION,QUEENSTOWN
544992,NORTH EAST REGION,SENGKANG
309428,CENTRAL REGION,NOVENA
529238,EAST REGION,TAMPINES
058727,CENTRAL REGION,OUTRAM
609652,WEST REGION,JURONG EAST
098654,CENTRAL REGION,BUKIT MERAH
229953,CENTRAL REGION,NEWTON
569760,NORTH EAST REGION,ANG MO KIO
528809,EAST REGION,TAMPINES
238844,CENTRAL REGION,ORCHARD
544986,NORTH EAST REGION,SENGKANG
239226,CENTRAL REGION,RIVER VALLEY
579721,CENTRAL REGION,TOA PAYOH
058359,CENTRAL REGION,OUTRAM
595001,CENTRAL REGION,BUKIT TIMAH
098645,CENTRAL REGION,BUKIT MERAH
126833,WEST REGION,CLEMENTI
098638,CENTRAL REGION,BUKIT MERAH
138643,CENTRAL REGION,QUEENSTOWN
544989,NORTH EAST REGION,SENGKANG
593001,CENTRAL REGION,BUKIT TIMAH
591001,CENTRAL REGION,BUKIT TIMAH
428128,CENTRAL REGION,GEYLANG
465531,EAST REGION,BEDOK
309432,CENTRAL REGION,NOVENA
126830,WEST REGION,CLEMENTI
579729,CENTRAL REGION,TOA PAYOH
428099,CENTRAL REGION,GEYLANG
309427,CENTRAL REGION,NOVENA
544988,NORTH EAST REGION,SENGKANG
465532,EAST REGION,BEDOK
298089,CENTRAL REGION,NOVENA
080102,CENTRAL REGION,BUKIT MERAH
309426,CENTRAL REGION,NOVENA
428122,CENTRAL REGION,GEYLANG
449293,EAST REGION,BEDOK
591301,CENTRAL REGION,BUKIT TIMAH
487041,EAST REGION,BEDOK
528828,EAST REGION,TAMPINES
126827,WEST REGION,CLEMENTI
118174,CENTRAL REGION,QUEENSTOWN
449291,EAST REGION,BEDOK
528790,EAST REGION,TAMPINES
588376,CENTRAL REGION,BUKIT TIMAH
129198,WEST REGION,CLEMENTI
600123,WEST REGION,JURONG EAST
689098,WEST REGION,CHOA CHU KANG
098639,CENTRAL REGION,BUKIT MERAH
128799,WEST REGION,CLEMENTI
080107,CENTRAL REGION,BUKIT MERAH
127448,WEST REGION,CLEMENTI
289854,CENTRAL REGION,BUKIT TIMAH
289847,CENTRAL REGION,BUKIT TIMAH
127447,WEST REGION,CLEMENTI
575569,CENTRAL REGION,BISHAN
098528,CENTRAL REGION,SOUTHERN ISLANDS
126810,WEST REGION,CLEMENTI
129196,WEST REGION,CLEMENTI
126815,WEST REGION,CLEMENTI
098530,CENTRAL REGION,SOUTHERN ISLANDS
399938,CENTRAL REGION,GEYLANG
098534,CENTRAL REGION,SOUTHERN ISLANDS
126817,WEST REGION,CLEMENTI
399937,CENTRAL REGION,GEYLANG
098451,CENTRAL REGION,SOUTHERN ISLANDS
545653,NORTH EAST REGION,HOUGANG
598008,CENTRAL REGION,BUKIT TIMAH
399940,CENTRAL REGION,GEYLANG
126819,WEST REGION,CLEMENTI
126818,WEST REGION,CLEMENTI
018980,CENTRAL REGION,DOWNTOWN CORE
098644,CENTRAL REGION,BUKIT MERAH
198784,CENTRAL REGION,KALLANG
199588,CENTRAL REGION,DOWNTOWN CORE
588378,CENTRAL REGION,BUKIT TIMAH
098532,CENTRAL REGION,SOUTHERN ISLANDS
399939,CENTRAL REGION,GEYLANG
266621,CENTRAL REGION,BUKIT TIMAH
689102,WEST REGION,CHOA CHU KANG
689101,WEST REGION,CHOA CHU KANG
689106,WEST REGION,CHOA CHU KANG
689104,WEST REGION,CHOA CHU KANG
689105,WEST REGION,CHOA CHU KANG
098327,CENTRAL REGION,SOUTHERN ISLANDS
399936,CENTRAL REGION,GEYLANG
573973,CENTRAL REGION,BISHAN
579732,CENTRAL REGION,TOA PAYOH
648333,WEST REGION,JURONG WEST
098329,CENTRAL REGION,SOUTHERN ISLANDS
648337,WEST REGION,JURONG WEST
573975,CENTRAL REGION,BISHAN
098309,CENTRAL REGION,SOUTHERN ISLANDS
079624,CENTRAL REGION,DOWNTOWN CORE
098308,CENTRAL REGION,SOUTHERN ISLANDS
544991,NORTH EAST REGION,SENGKANG
648336,WEST REGION,JURONG WEST
737901,NORTH REGION,WOODLANDS
648340,WEST REGION,JURONG WEST
127449,WEST REGION,CLEMENTI
648335,WEST REGION,JURONG WEST
648338,WEST REGION,JURONG WEST
535193,NORTH EAST REGION,HOUGANG
618646,WEST REGION,JURONG EAST
238621,CENTRAL REGION,RIVER VALLEY
579734,CENTRAL REGION,TOA PAYOH
648342,WEST REGION,JURONG WEST
128800,WEST REGION,CLEMENTI
591201,CENTRAL REGION,BUKIT TIMAH
648334,WEST REGION,JURONG WEST
597001,CENTRAL REGION,BUKIT TIMAH
600118,WEST REGION,JURONG EAST
239343,CENTRAL REGION,RIVER VALLEY
737876,NORTH REGION,WOODLANDS
737875,NORTH REGION,WOODLANDS
098624,CENTRAL REGION,SOUTHERN ISLANDS
648343,WEST REGION,JURONG WEST
449289,EAST REGION,BEDOK
737874,NORTH REGION,WOODLANDS
127335,WEST REGION,CLEMENTI
098533,CENTRAL REGION,SOUTHERN ISLANDS
307467,CENTRAL REGION,NOVENA
544918,NORTH EAST REGION,HOUGANG
098531,CENTRAL REGION,SOUTHERN ISLANDS
544896,NORTH EAST REGION,HOUGANG
544917,NORTH EAST REGION,HOUGANG
307468,CENTRAL REGION,NOVENA
544895,NORTH EAST REGION,HOUGANG
098527,CENTRAL REGION,SOUTHERN ISLANDS
126816,WEST REGION,CLEMENTI
544916,NORTH EAST REGION,HOUGANG
068803,CENTRAL REGION,DOWNTOWN CORE
648339,WEST REGION,JURONG WEST
069047,CENTRAL REGION,DOWNTOWN CORE
544915,NORTH EAST REGION,HOUGANG
519938,EAST REGION,PASIR RIS
596001,CENTRAL REGION,BUKIT TIMAH
648341,WEST REGION,JURONG WEST
519944,EAST REGION,PASIR RIS
519942,EAST REGION,PASIR RIS
098629,CENTRAL REGION,SOUTHERN ISLANDS
737873,NORTH REGION,WOODLANDS
518208,EAST REGION,PASIR RIS
518205,EAST REGION,PASIR RIS
098628,CENTRAL REGION,SOUTHERN ISLANDS
519943,EAST REGION,PASIR RIS
648332,WEST REGION,JURONG WEST
449294,EAST REGION,BEDOK
319582,CENTRAL REGION,TOA PAYOH
319581,CENTRAL REGION,TOA PAYOH
518210,EAST REGION,PASIR RIS
519939,EAST REGION,PASIR RIS
544894,NORTH EAST REGION,HOUGANG
737899,NORTH REGION,WOODLANDS
518216,EAST REGION,PASIR RIS
098529,CENTRAL REGION,SOUTHERN ISLANDS
119006,CENTRAL REGION,QUEENSTOWN
098395,CENTRAL REGION,SOUTHERN ISLANDS
098370,CENTRAL REGION,SOUTHERN ISLANDS
544897,NORTH EAST REGION,HOUGANG
518219,EAST REGION,PASIR RIS
518206,EAST REGION,PASIR RIS
519941,EAST REGION,PASIR RIS
308414,CENTRAL REGION,NOVENA
098412,CENTRAL REGION,BUKIT MERAH
098418,CENTRAL REGION,BUKIT MERAH
237973,CENTRAL REGION,ORCHARD
591101,CENTRAL REGION,BUKIT TIMAH
098414,CENTRAL REGION,BUKIT MERAH
259404,CENTRAL REGION,NEWTON
098408,CENTRAL REGION,BUKIT MERAH
737897,NORTH REGION,WOODLANDS
319583,CENTRAL REGION,TOA PAYOH
594001,CENTRAL REGION,BUKIT TIMAH
518215,EAST REGION,PASIR RIS
357776,CENTRAL REGION,TOA PAYOH
098368,CENTRAL REGION,SOUTHERN ISLANDS
098648,CENTRAL REGION,BUKIT MERAH
357774,CENTRAL REGION,TOA PAYOH
098417,CENTRAL REGION,BUKIT MERAH
518207,EAST REGION,PASIR RIS
098404,CENTRAL REGION,BUKIT MERAH
737898,NORTH REGION,WOODLANDS
098416,CENTRAL REGION,BUKIT MERAH
098406,CENTRAL REGION,BUKIT MERAH
737900,NORTH REGION,WOODLANDS
518217,EAST REGION,PASIR RIS
098410,CENTRAL REGION,BUKIT MERAH
737892,NORTH REGION,WOODLANDS
737894,NORTH REGION,WOODLANDS
737893,NORTH REGION,WOODLANDS
479245,EAST REGION,BEDOK
737896,NORTH REGION,WOODLANDS
737895,NORTH REGION,WOODLANDS
689865,WEST REGION,CHOA CHU KANG
357900,CENTRAL REGION,TOA PAYOH
098415,CENTRAL REGION,BUKIT MERAH
689863,WEST REGION,CHOA CHU KANG
518209,EAST REGION,PASIR RIS
689862,WEST REGION,CHOA CHU KANG
479251,EAST REGION,BEDOK
528716,EAST REGION,TAMPINES
479253,EAST REGION,BEDOK
098535,CENTRAL REGION,SOUTHERN ISLANDS
529882,EAST REGION,TAMPINES
098618,CENTRAL REGION,SOUTHERN ISLANDS
098369,CENTRAL REGION,SOUTHERN ISLANDS
309430,CENTRAL REGION,NOVENA
098419,CENTRAL REGION,BUKIT MERAH
465538,EAST REGION,BEDOK
207877,CENTRAL REGION,KALLANG
098413,CENTRAL REGION,BUKIT MERAH
769136,NORTH REGION,YISHUN
158749,CENTRAL REGION,BUKIT MERAH
529883,EAST REGION,TAMPINES
769135,NORTH REGION,YISHUN
528714,EAST REGION,TAMPINES
769134,NORTH REGION,YISHUN
648320,WEST REGION,JURONG WEST
509051,EAST REGION,PASIR RIS
689864,WEST REGION,CHOA CHU KANG
479250,EAST REGION,BEDOK
528715,EAST REGION,TAMPINES
518214,EAST REGION,PASIR RIS
769139,NORTH REGION,YISHUN
509050,EAST REGION,PASIR RIS
518192,EAST REGION,PASIR RIS
158748,CENTRAL REGION,BUKIT MERAH
479248,EAST REGION,BEDOK
769138,NORTH REGION,YISHUN
479254,EAST REGION,BEDOK
769137,NORTH REGION,YISHUN
518213,EAST REGION,PASIR RIS
528721,EAST REGION,TAMPINES
465517,EAST REGION,BEDOK
138638,CENTRAL REGION,QUEENSTOWN
479246,EAST REGION,BEDOK
509049,EAST REGION,PASIR RIS
528719,EAST REGION,TAMPINES
529884,EAST REGION,TAMPINES
648317,WEST REGION,JURONG WEST
689866,WEST REGION,CHOA CHU KANG
769133,NORTH REGION,YISHUN
098630,CENTRAL REGION,SOUTHERN ISLANDS
528718,EAST REGION,TAMPINES
567752,NORTH EAST REGION,ANG MO KIO
768124,NORTH REGION,SEMBAWANG
518211,EAST REGION,PASIR RIS
529780,EAST REGION,TAMPINES
679518,WEST REGION,BUKIT PANJANG
528685,EAST REGION,TAMPINES
528689,EAST REGION,TAMPINES
528686,EAST REGION,TAMPINES
648318,WEST REGION,JURONG WEST
528684,EAST REGION,TAMPINES
528692,EAST REGION,TAMPINES
528690,EAST REGION,TAMPINES
439893,CENTRAL REGION,MARINE PARADE
109700,CENTRAL REGION,BUKIT MERAH
679520,WEST REGION,BUKIT PANJANG
737796,NORTH REGION,WOODLANDS
737795,NORTH REGION,WOODLANDS
737797,NORTH REGION,WOODLANDS
109698,CENTRAL REGION,BUKIT MERAH
109693,CENTRAL REGION,BUKIT MERAH
109691,CENTRAL REGION,BUKIT MERAH
129197,WEST REGION,CLEMENTI
109687,CENTRAL REGION,BUKIT MERAH
737783,NORTH REGION,WOODLANDS
768130,NORTH REGION,SEMBAWANG
399941,CENTRAL REGION,GEYLANG
098367,CENTRAL REGION,SOUTHERN ISLANDS
109685,CENTRAL REGION,BUKIT MERAH
737794,NORTH REGION,WOODLANDS
109697,CENTRAL REGION,BUKIT MERAH
018965,CENTRAL REGION,DOWNTOWN CORE
679517,WEST REGION,BUKIT PANJANG
399948,CENTRAL REGION,GEYLANG
439897,CENTRAL REGION,MARINE PARADE
109702,CENTRAL REGION,BUKIT MERAH
465515,EAST REGION,BEDOK
109701,CENTRAL REGION,BUKIT MERAH
399944,CENTRAL REGION,GEYLANG
737791,NORTH REGION,WOODLANDS
648316,WEST REGION,JURONG WEST
679521,WEST REGION,BUKIT PANJANG
439894,CENTRAL REGION,MARINE PARADE
737787,NORTH REGION,WOODLANDS
554479,NORTH EAST REGION,SERANGOON
554477,NORTH EAST REGION,SERANGOON
554478,NORTH EAST REGION,SERANGOON
357902,CENTRAL REGION,TOA PAYOH
554475,NORTH EAST REGION,SERANGOON
465518,EAST REGION,BEDOK
518191,EAST REGION,PASIR RIS
109690,CENTRAL REGION,BUKIT MERAH
109686,CENTRAL REGION,BUKIT MERAH
109704,CENTRAL REGION,BUKIT MERAH
648322,WEST REGION,JURONG WEST
828818,NORTH EAST REGION,PUNGGOL
109694,CENTRAL REGION,BUKIT MERAH
768132,NORTH REGION,SEMBAWANG
109695,CENTRAL REGION,BUKIT MERAH
768129,NORTH REGION,SEMBAWANG
737786,NORTH REGION,WOODLANDS
479249,EAST REGION,BEDOK
109705,CENTRAL REGION,BUKIT MERAH
737784,NORTH REGION,WOODLANDS
109703,CENTRAL REGION,BUKIT MERAH
109696,CENTRAL REGION,BUKIT MERAH
678272,WEST REGION,BUKIT PANJANG
828817,NORTH EAST REGION,PUNGGOL
357903,CENTRAL REGION,TOA PAYOH
534077,NORTH EAST REGION,HOUGANG
529901,EAST REGION,TAMPINES
529782,EAST REGION,TAMPINES
534076,NORTH EAST REGION,HOUGANG
768131,NORTH REGION,SEMBAWANG
538752,NORTH EAST REGION,HOUGANG
768134,NORTH REGION,SEMBAWANG
533873,NORTH EAST REGION,SERANGOON
109684,CENTRAL REGION,BUKIT MERAH
737788,NORTH REGION,WOODLANDS
648305,WEST REGION,JURONG WEST
678273,WEST REGION,BUKIT PANJANG
554476,NORTH EAST REGION,SERANGOON
399942,CENTRAL REGION,GEYLANG
528720,EAST REGION,TAMPINES
199554,CENTRAL REGION,KALLANG
399946,CENTRAL REGION,GEYLANG
534073,NORTH EAST REGION,HOUGANG
534071,NORTH EAST REGION,HOUGANG
079119,CENTRAL REGION,DOWNTOWN CORE
678275,WEST REGION,BUKIT PANJANG
109689,CENTRAL REGION,BUKIT MERAH
528688,EAST REGION,TAMPINES
098411,CENTRAL REGION,BUKIT MERAH
648163,WEST REGION,JURONG WEST
678274,WEST REGION,BUKIT PANJANG
109688,CENTRAL REGION,BUKIT MERAH
399945,CENTRAL REGION,GEYLANG
678276,WEST REGION,BUKIT PANJANG
689867,WEST REGION,CHOA CHU KANG
534074,NORTH EAST REGION,HOUGANG
098393,CENTRAL REGION,SOUTHERN ISLANDS
768135,NORTH REGION,SEMBAWANG
737793,NORTH REGION,WOODLANDS
768140,NORTH REGION,YISHUN
534080,NORTH EAST REGION,HOUGANG
109699,CENTRAL REGION,BUKIT MERAH
449306,CENTRAL REGION,MARINE PARADE
126793,WEST REGION,CLEMENTI
518187,EAST REGION,PASIR RIS
126794,WEST REGION,CLEMENTI
518180,EAST REGION,PASIR RIS
449307,CENTRAL REGION,MARINE PARADE
518189,EAST REGION,PASIR RIS
449305,CENTRAL REGION,MARINE PARADE
648324,WEST REGION,JURONG WEST
109707,CENTRAL REGION,BUKIT MERAH
768141,NORTH REGION,YISHUN
544809,NORTH EAST REGION,SENGKANG
768108,NORTH REGION,YISHUN
518190,EAST REGION,PASIR RIS
518188,EAST REGION,PASIR RIS
518183,EAST REGION,PASIR RIS
534083,NORTH EAST REGION,HOUGANG
768136,NORTH REGION,SEMBAWANG
573908,CENTRAL REGION,BISHAN
519531,EAST REGION,PASIR RIS
768112,NORTH REGION,YISHUN
529885,EAST REGION,TAMPINES
768098,NORTH REGION,YISHUN
737811,NORTH REGION,WOODLANDS
518212,EAST REGION,PASIR RIS
768117,NORTH REGION,YISHUN
079718,CENTRAL REGION,DOWNTOWN CORE
737808,NORTH REGION,WOODLANDS
768097,NORTH REGION,YISHUN
528691,EAST REGION,TAMPINES
199599,CENTRAL REGION,KALLANG
768128,NORTH REGION,SEMBAWANG
518194,EAST REGION,PASIR RIS
529881,EAST REGION,TAMPINES
239197,CENTRAL REGION,RIVER VALLEY
538755,NORTH EAST REGION,HOUGANG
529604,EAST REGION,TAMPINES
768127,NORTH REGION,SEMBAWANG
109692,CENTRAL REGION,BUKIT MERAH
573909,CENTRAL REGION,BISHAN
229239,CENTRAL REGION,MUSEUM
544776,NORTH EAST REGION,HOUGANG
449308,CENTRAL REGION,MARINE PARADE
648315,WEST REGION,JURONG WEST
768126,NORTH REGION,SEMBAWANG
534037,NORTH EAST REGION,HOUGANG
768099,NORTH REGION,YISHUN
768122,NORTH REGION,YISHUN
267954,CENTRAL REGION,BUKIT TIMAH
737809,NORTH REGION,WOODLANDS
266225,CENTRAL REGION,BUKIT TIMAH
768104,NORTH REGION,YISHUN
828797,NORTH EAST REGION,PUNGGOL
737789,NORTH REGION,WOODLANDS
768143,NORTH REGION,YISHUN
267951,CENTRAL REGION,BUKIT TIMAH
797534,NORTH EAST REGION,SENGKANG
797532,NORTH EAST REGION,SENGKANG
768138,NORTH REGION,YISHUN
267955,CENTRAL REGION,BUKIT TIMAH
737810,NORTH REGION,WOODLANDS
479256,EAST REGION,BEDOK
534039,NORTH EAST REGION,HOUGANG
079717,CENTRAL REGION,DOWNTOWN CORE
479258,EAST REGION,BEDOK
797531,NORTH EAST REGION,SENGKANG
529904,EAST REGION,TAMPINES
266224,CENTRAL REGION,BUKIT TIMAH
534072,NORTH EAST REGION,HOUGANG
768105,NORTH REGION,YISHUN
544780,NORTH EAST REGION,HOUGANG
267953,CENTRAL REGION,BUKIT TIMAH
518182,EAST REGION,PASIR RIS
098182,CENTRAL REGION,SOUTHERN ISLANDS
479255,EAST REGION,BEDOK
797530,NORTH EAST REGION,SENGKANG
544805,NORTH EAST REGION,SENGKANG
768860,NORTH REGION,YISHUN
267952,CENTRAL REGION,BUKIT TIMAH
768107,NORTH REGION,YISHUN
534041,NORTH EAST REGION,HOUGANG
534070,NORTH EAST REGION,HOUGANG
544819,NORTH EAST REGION,SENGKANG
506887,EAST REGION,PASIR RIS
534075,NORTH EAST REGION,HOUGANG
807020,NORTH EAST REGION,SERANGOON
828800,NORTH EAST REGION,PUNGGOL
768125,NORTH REGION,SEMBAWANG
536560,NORTH EAST REGION,SERANGOON
506885,EAST REGION,PASIR RIS
807021,NORTH EAST REGION,SERANGOON
399947,CENTRAL REGION,GEYLANG
768106,NORTH REGION,YISHUN
528717,EAST REGION,TAMPINES
768094,NORTH REGION,YISHUN
768142,NORTH REGION,YISHUN
529886,EAST REGION,TAMPINES
737785,NORTH REGION,WOODLANDS
737792,NORTH REGION,WOODLANDS
465501,EAST REGION,BEDOK
536563,NORTH EAST REGION,SERANGOON
544756,NORTH EAST REGION,SENGKANG
544751,NORTH EAST REGION,SENGKANG
518146,EAST REGION,PASIR RIS
518145,EAST REGION,PASIR RIS
544775,NORTH EAST REGION,HOUGANG
544778,NORTH EAST REGION,HOUGANG
544774,NORTH EAST REGION,HOUGANG
536561,NORTH EAST REGION,SERANGOON
465494,EAST REGION,BEDOK
465499,EAST REGION,BEDOK
677728,WEST REGION,CHOA CHU KANG
534047,NORTH EAST REGION,HOUGANG
529902,EAST REGION,TAMPINES
506866,EAST REGION,PASIR RIS
807013,NORTH EAST REGION,SERANGOON
828781,NORTH EAST REGION,PUNGGOL
518161,EAST REGION,PASIR RIS
828782,NORTH EAST REGION,PUNGGOL
828832,NORTH EAST REGION,PUNGGOL
538756,NORTH EAST REGION,HOUGANG
768096,NORTH REGION,YISHUN
534082,NORTH EAST REGION,HOUGANG
506888,EAST REGION,PASIR RIS
479259,EAST REGION,BEDOK
768095,NORTH REGION,YISHUN
439895,CENTRAL REGION,MARINE PARADE
534079,NORTH EAST REGION,HOUGANG
529781,EAST REGION,TAMPINES
807015,NORTH EAST REGION,SERANGOON
648319,WEST REGION,JURONG WEST
544749,NORTH EAST REGION,SENGKANG
518164,EAST REGION,PASIR RIS
518147,EAST REGION,PASIR RIS
828787,NORTH EAST REGION,PUNGGOL
506867,EAST REGION,PASIR RIS
506895,EAST REGION,PASIR RIS
828788,NORTH EAST REGION,PUNGGOL
769475,NORTH REGION,SEMBAWANG
768110,NORTH REGION,YISHUN
768113,NORTH REGION,YISHUN
828831,NORTH EAST REGION,PUNGGOL
518163,EAST REGION,PASIR RIS
544779,NORTH EAST REGION,HOUGANG
518157,EAST REGION,PASIR RIS
506890,EAST REGION,PASIR RIS
769474,NORTH REGION,SEMBAWANG
558961,NORTH EAST REGION,SERANGOON
536565,NORTH EAST REGION,SERANGOON
544727,NORTH EAST REGION,HOUGANG
518160,EAST REGION,PASIR RIS
768062,NORTH REGION,YISHUN
544736,NORTH EAST REGION,HOUGANG
828747,NORTH EAST REGION,PUNGGOL
768064,NORTH REGION,YISHUN
399949,CENTRAL REGION,GEYLANG
534081,NORTH EAST REGION,HOUGANG
544758,NORTH EAST REGION,SENGKANG
534032,NORTH EAST REGION,HOUGANG
828830,NORTH EAST REGION,PUNGGOL
769472,NORTH REGION,SEMBAWANG
600121,WEST REGION,JURONG EAST
534025,NORTH EAST REGION,HOUGANG
534033,NORTH EAST REGION,HOUGANG
828731,NORTH EAST REGION,PUNGGOL
534031,NORTH EAST REGION,HOUGANG
518158,EAST REGION,PASIR RIS
768058,NORTH REGION,YISHUN
768121,NORTH REGION,YISHUN
534034,NORTH EAST REGION,HOUGANG
534026,NORTH EAST REGION,HOUGANG
544813,NORTH EAST REGION,SENGKANG
518184,EAST REGION,PASIR RIS
534027,NORTH EAST REGION,HOUGANG
544735,NORTH EAST REGION,HOUGANG
534024,NORTH EAST REGION,HOUGANG
098328,CENTRAL REGION,SOUTHERN ISLANDS
544781,NORTH EAST REGION,HOUGANG
573911,CENTRAL REGION,BISHAN
528770,EAST REGION,TAMPINES
828729,NORTH EAST REGION,PUNGGOL
828820,NORTH EAST REGION,PUNGGOL
828784,NORTH EAST REGION,PUNGGOL
544754,NORTH EAST REGION,SENGKANG
573910,CENTRAL REGION,BISHAN
689860,WEST REGION,CHOA CHU KANG
768059,NORTH REGION,YISHUN
828733,NORTH EAST REGION,PUNGGOL
538751,NORTH EAST REGION,HOUGANG
534030,NORTH EAST REGION,HOUGANG
677721,WEST REGION,BUKIT PANJANG
534044,NORTH EAST REGION,HOUGANG
506892,EAST REGION,PASIR RIS
828779,NORTH EAST REGION,PUNGGOL
534042,NORTH EAST REGION,HOUGANG
828785,NORTH EAST REGION,PUNGGOL
465500,EAST REGION,BEDOK
768063,NORTH REGION,YISHUN
506893,EAST REGION,PASIR RIS
088764,CENTRAL REGION,OUTRAM
769473,NORTH REGION,SEMBAWANG
828822,NORTH EAST REGION,PUNGGOL
249093,CENTRAL REGION,TANGLIN
534028,NORTH EAST REGION,HOUGANG
249094,CENTRAL REGION,TANGLIN
544777,NORTH EAST REGION,HOUGANG
828823,NORTH EAST REGION,PUNGGOL
536558,NORTH EAST REGION,SERANGOON
518156,EAST REGION,PASIR RIS
534035,NORTH EAST REGION,HOUGANG
348270,CENTRAL REGION,TOA PAYOH
518162,EAST REGION,PASIR RIS
259297,CENTRAL REGION,TANGLIN
528584,EAST REGION,TAMPINES
828730,NORTH EAST REGION,PUNGGOL
668202,WEST REGION,BUKIT BATOK
768100,NORTH REGION,YISHUN
828794,NORTH EAST REGION,PUNGGOL
544740,NORTH EAST REGION,SENGKANG
528583,EAST REGION,TAMPINES
506884,EAST REGION,PASIR RIS
768060,NORTH REGION,YISHUN
518186,EAST REGION,PASIR RIS
528586,EAST REGION,TAMPINES
518173,EAST REGION,PASIR RIS
575580,CENTRAL REGION,BISHAN
518197,EAST REGION,PASIR RIS
828732,NORTH EAST REGION,PUNGGOL
259296,CENTRAL REGION,TANGLIN
544734,NORTH EAST REGION,HOUGANG
544821,NORTH EAST REGION,SENGKANG
536564,NORTH EAST REGION,SERANGOON
544741,NORTH EAST REGION,SENGKANG
518174,EAST REGION,PASIR RIS
465498,EAST REGION,BEDOK
259298,CENTRAL REGION,TANGLIN
465496,EAST REGION,BEDOK
544755,NORTH EAST REGION,SENGKANG
518170,EAST REGION,PASIR RIS
573917,CENTRAL REGION,BISHAN
348271,CENTRAL REGION,TOA PAYOH
247656,CENTRAL REGION,TANGLIN
534046,NORTH EAST REGION,HOUGANG
518172,EAST REGION,PASIR RIS
575579,CENTRAL REGION,BISHAN
544729,NORTH EAST REGION,HOUGANG
828780,NORTH EAST REGION,PUNGGOL
668201,WEST REGION,BUKIT BATOK
518185,EAST REGION,PASIR RIS
534078,NORTH EAST REGION,HOUGANG
348196,CENTRAL REGION,TOA PAYOH
768894,NORTH REGION,YISHUN
573914,CENTRAL REGION,BISHAN
768109,NORTH REGION,YISHUN
249096,CENTRAL REGION,TANGLIN
828833,NORTH EAST REGION,PUNGGOL
544752,NORTH EAST REGION,SENGKANG
415869,EAST REGION,BEDOK
828749,NORTH EAST REGION,PUNGGOL
797495,NORTH EAST REGION,SENGKANG
506849,EAST REGION,PASIR RIS
506889,EAST REGION,PASIR RIS
528585,EAST REGION,TAMPINES
518195,EAST REGION,PASIR RIS
768115,NORTH REGION,YISHUN
419545,EAST REGION,BEDOK
544742,NORTH EAST REGION,SENGKANG
419546,EAST REGION,BEDOK
544743,NORTH EAST REGION,SENGKANG
807019,NORTH EAST REGION,SERANGOON
828783,NORTH EAST REGION,PUNGGOL
544753,NORTH EAST REGION,SENGKANG
518198,EAST REGION,PASIR RIS
518196,EAST REGION,PASIR RIS
518175,EAST REGION,PASIR RIS
828809,NORTH EAST REGION,PUNGGOL
518166,EAST REGION,PASIR RIS
415871,EAST REGION,BEDOK
479275,EAST REGION,BEDOK
677901,WEST REGION,CHOA CHU KANG
419541,EAST REGION,BEDOK
479278,EAST REGION,BEDOK
573894,CENTRAL REGION,BISHAN
119010,CENTRAL REGION,QUEENSTOWN
828746,NORTH EAST REGION,PUNGGOL
677722,WEST REGION,BUKIT PANJANG
479272,EAST REGION,BEDOK
528610,EAST REGION,TAMPINES
689861,WEST REGION,CHOA CHU KANG
528687,EAST REGION,TAMPINES
465420,EAST REGION,BEDOK
573913,CENTRAL REGION,BISHAN
536559,NORTH EAST REGION,SERANGOON
465495,EAST REGION,BEDOK
348228,CENTRAL REGION,TOA PAYOH
419551,EAST REGION,BEDOK
518176,EAST REGION,PASIR RIS
419548,EAST REGION,BEDOK
098019,CENTRAL REGION,BUKIT MERAH
098021,CENTRAL REGION,BUKIT MERAH
544811,NORTH EAST REGION,SENGKANG
544816,NORTH EAST REGION,SENGKANG
807016,NORTH EAST REGION,SERANGOON
544757,NORTH EAST REGION,SENGKANG
506856,EAST REGION,PASIR RIS
679523,WEST REGION,BUKIT PANJANG
506858,EAST REGION,PASIR RIS
098020,CENTRAL REGION,BUKIT MERAH
544830,NORTH EAST REGION,SENGKANG
544706,NORTH EAST REGION,SENGKANG
338519,CENTRAL REGION,KALLANG
419549,EAST REGION,BEDOK
544702,NORTH EAST REGION,SENGKANG
419547,EAST REGION,BEDOK
338517,CENTRAL REGION,KALLANG
419542,EAST REGION,BEDOK
419550,EAST REGION,BEDOK
506859,EAST REGION,PASIR RIS
667978,WEST REGION,BUKIT BATOK
506882,EAST REGION,PASIR RIS
415872,EAST REGION,BEDOK
415870,EAST REGION,BEDOK
536562,NORTH EAST REGION,SERANGOON
479268,EAST REGION,BEDOK
529599,EAST REGION,TAMPINES
797533,NORTH EAST REGION,SENGKANG
338521,CENTRAL REGION,KALLANG
828816,NORTH EAST REGION,PUNGGOL
575581,CENTRAL REGION,BISHAN
534029,NORTH EAST REGION,HOUGANG
479267,EAST REGION,BEDOK
828821,NORTH EAST REGION,PUNGGOL
534043,NORTH EAST REGION,HOUGANG
544700,NORTH EAST REGION,SENGKANG
506881,EAST REGION,PASIR RIS
338520,CENTRAL REGION,KALLANG
667973,WEST REGION,BUKIT BATOK
348226,CENTRAL REGION,TOA PAYOH
828744,NORTH EAST REGION,PUNGGOL
159017,CENTRAL REGION,BUKIT MERAH
679524,WEST REGION,BUKIT PANJANG
797487,NORTH EAST REGION,SENGKANG
419544,EAST REGION,BEDOK
479257,EAST REGION,BEDOK
828742,NORTH EAST REGION,PUNGGOL
828745,NORTH EAST REGION,PUNGGOL
159019,CENTRAL REGION,BUKIT MERAH
506870,EAST REGION,PASIR RIS
544804,NORTH EAST REGION,SENGKANG
544833,NORTH EAST REGION,SENGKANG
098018,CENTRAL REGION,BUKIT MERAH
126778,WEST REGION,CLEMENTI
419539,EAST REGION,BEDOK
529899,EAST REGION,TAMPINES
518171,EAST REGION,PASIR RIS
667980,WEST REGION,BUKIT BATOK
768061,NORTH REGION,YISHUN
479270,EAST REGION,BEDOK
768120,NORTH REGION,YISHUN
158741,CENTRAL REGION,BUKIT MERAH
506869,EAST REGION,PASIR RIS
158742,CENTRAL REGION,BUKIT MERAH
098403,CENTRAL REGION,BUKIT MERAH
238260,CENTRAL REGION,SINGAPORE RIVER
098402,CENTRAL REGION,BUKIT MERAH
479279,EAST REGION,BEDOK
098017,CENTRAL REGION,BUKIT MERAH
544728,NORTH EAST REGION,HOUGANG
506861,EAST REGION,PASIR RIS
479271,EAST REGION,BEDOK
479269,EAST REGION,BEDOK
573916,CENTRAL REGION,BISHAN
544998,NORTH EAST REGION,SENGKANG
479261,EAST REGION,BEDOK
506883,EAST REGION,PASIR RIS
828786,NORTH EAST REGION,PUNGGOL
807014,NORTH EAST REGION,SERANGOON
797496,NORTH EAST REGION,SENGKANG
828739,NORTH EAST REGION,PUNGGOL
368058,CENTRAL REGION,TOA PAYOH
419552,EAST REGION,BEDOK
368063,CENTRAL REGION,TOA PAYOH
479282,EAST REGION,BEDOK
608535,WEST REGION,JURONG EAST
126777,WEST REGION,CLEMENTI
479260,EAST REGION,BEDOK
368062,CENTRAL REGION,TOA PAYOH
479262,EAST REGION,BEDOK
608533,WEST REGION,JURONG EAST
098407,CENTRAL REGION,BUKIT MERAH
534038,NORTH EAST REGION,HOUGANG
518181,EAST REGION,PASIR RIS
828722,NORTH EAST REGION,PUNGGOL
828741,NORTH EAST REGION,PUNGGOL
479265,EAST REGION,BEDOK
368061,CENTRAL REGION,TOA PAYOH
506847,EAST REGION,PASIR RIS
506864,EAST REGION,PASIR RIS
098012,CENTRAL REGION,BUKIT MERAH
544759,NORTH EAST REGION,SENGKANG
506860,EAST REGION,PASIR RIS
807018,NORTH EAST REGION,SERANGOON
828723,NORTH EAST REGION,PUNGGOL
544686,NORTH EAST REGION,SENGKANG
573895,CENTRAL REGION,BISHAN
828763,NORTH EAST REGION,PUNGGOL
506865,EAST REGION,PASIR RIS
544704,NORTH EAST REGION,SENGKANG
159023,CENTRAL REGION,BUKIT MERAH
828771,NORTH EAST REGION,PUNGGOL
768114,NORTH REGION,YISHUN
689859,WEST REGION,CHOA CHU KANG
737775,NORTH REGION,WOODLANDS
506862,EAST REGION,PASIR RIS
479264,EAST REGION,BEDOK
807012,NORTH EAST REGION,SERANGOON
229723,CENTRAL REGION,ORCHARD
415867,EAST REGION,BEDOK
465514,EAST REGION,BEDOK
528587,EAST REGION,TAMPINES
159022,CENTRAL REGION,BUKIT MERAH
506868,EAST REGION,PASIR RIS
465497,EAST REGION,BEDOK
529903,EAST REGION,TAMPINES
768895,NORTH REGION,YISHUN
828721,NORTH EAST REGION,PUNGGOL
368055,CENTRAL REGION,TOA PAYOH
534785,NORTH EAST REGION,HOUGANG
573918,CENTRAL REGION,BISHAN
544685,NORTH EAST REGION,SENGKANG
828681,NORTH EAST REGION,PUNGGOL
797499,NORTH EAST REGION,SENGKANG
506850,EAST REGION,PASIR RIS
465425,EAST REGION,BEDOK
768118,NORTH REGION,YISHUN
518169,EAST REGION,PASIR RIS
506848,EAST REGION,PASIR RIS
518133,EAST REGION,PASIR RIS
518131,EAST REGION,PASIR RIS
648162,WEST REGION,JURONG WEST
544808,NORTH EAST REGION,SENGKANG
465460,EAST REGION,BEDOK
518178,EAST REGION,PASIR RIS
479274,EAST REGION,BEDOK
506863,EAST REGION,PASIR RIS
573915,CENTRAL REGION,BISHAN
518135,EAST REGION,PASIR RIS
544820,NORTH EAST REGION,SENGKANG
518138,EAST REGION,PASIR RIS
828762,NORTH EAST REGION,PUNGGOL
518136,EAST REGION,PASIR RIS
518137,EAST REGION,PASIR RIS
419538,EAST REGION,BEDOK
828720,NORTH EAST REGION,PUNGGOL
465421,EAST REGION,BEDOK
544703,NORTH EAST REGION,SENGKANG
159020,CENTRAL REGION,BUKIT MERAH
479281,EAST REGION,BEDOK
518199,EAST REGION,PASIR RIS
518179,EAST REGION,PASIR RIS
648160,WEST REGION,JURONG WEST
828738,NORTH EAST REGION,PUNGGOL
544815,NORTH EAST REGION,SENGKANG
737774,NORTH REGION,WOODLANDS
528588,EAST REGION,TAMPINES
768861,NORTH REGION,YISHUN
465418,EAST REGION,BEDOK
518132,EAST REGION,PASIR RIS
506886,EAST REGION,PASIR RIS
828796,NORTH EAST REGION,PUNGGOL
465417,EAST REGION,BEDOK
415868,EAST REGION,BEDOK
518134,EAST REGION,PASIR RIS
679522,WEST REGION,BUKIT PANJANG
534045,NORTH EAST REGION,HOUGANG
828740,NORTH EAST REGION,PUNGGOL
159018,CENTRAL REGION,BUKIT MERAH
518150,EAST REGION,PASIR RIS
828769,NORTH EAST REGION,PUNGGOL
544707,NORTH EAST REGION,SENGKANG
518139,EAST REGION,PASIR RIS
544814,NORTH EAST REGION,SENGKANG
389799,CENTRAL REGION,GEYLANG
677903,WEST REGION,CHOA CHU KANG
506846,EAST REGION,PASIR RIS
348230,CENTRAL REGION,TOA PAYOH
828689,NORTH EAST REGION,PUNGGOL
479273,EAST REGION,BEDOK
529602,EAST REGION,TAMPINES
098022,CENTRAL REGION,BUKIT MERAH
518130,EAST REGION,PASIR RIS
368057,CENTRAL REGION,TOA PAYOH
465422,EAST REGION,BEDOK
828719,NORTH EAST REGION,PUNGGOL
828724,NORTH EAST REGION,PUNGGOL
828743,NORTH EAST REGION,PUNGGOL
465424,EAST REGION,BEDOK
768858,NORTH REGION,YISHUN
519530,EAST REGION,PASIR RIS
768065,NORTH REGION,YISHUN
368056,CENTRAL REGION,TOA PAYOH
544684,NORTH EAST REGION,SENGKANG
544687,NORTH EAST REGION,SENGKANG
128807,WEST REGION,CLEMENTI
768111,NORTH REGION,YISHUN
828679,NORTH EAST REGION,PUNGGOL
828764,NORTH EAST REGION,PUNGGOL
128809,WEST REGION,CLEMENTI
528591,EAST REGION,TAMPINES
768865,NORTH REGION,YISHUN
347844,CENTRAL REGION,TOA PAYOH
544688,NORTH EAST REGION,SENGKANG
348232,CENTRAL REGION,TOA PAYOH
479283,EAST REGION,BEDOK
768133,NORTH REGION,SEMBAWANG
368060,CENTRAL REGION,TOA PAYOH
465419,EAST REGION,BEDOK
828791,NORTH EAST REGION,PUNGGOL
797500,NORTH EAST REGION,SENGKANG
465489,EAST REGION,BEDOK
529900,EAST REGION,TAMPINES
768077,NORTH REGION,YISHUN
128994,WEST REGION,CLEMENTI
347842,CENTRAL REGION,TOA PAYOH
544831,NORTH EAST REGION,SENGKANG
528590,EAST REGION,TAMPINES
098405,CENTRAL REGION,BUKIT MERAH
479280,EAST REGION,BEDOK
528611,EAST REGION,TAMPINES
757093,NORTH REGION,SEMBAWANG
573893,CENTRAL REGION,BISHAN
465488,EAST REGION,BEDOK
797475,NORTH EAST REGION,SENGKANG
768000,NORTH REGION,SEMBAWANG
544705,NORTH EAST REGION,SENGKANG
159021,CENTRAL REGION,BUKIT MERAH
768076,NORTH REGION,YISHUN
737790,NORTH REGION,WOODLANDS
228240,CENTRAL REGION,NEWTON
465490,EAST REGION,BEDOK
544823,NORTH EAST REGION,SENGKANG
797478,NORTH EAST REGION,SENGKANG
419537,EAST REGION,BEDOK
465491,EAST REGION,BEDOK
534015,NORTH EAST REGION,HOUGANG
544699,NORTH EAST REGION,SENGKANG
797460,NORTH EAST REGION,SENGKANG
738996,NORTH REGION,WOODLANDS
347840,CENTRAL REGION,TOA PAYOH
249095,CENTRAL REGION,TANGLIN
797461,NORTH EAST REGION,SENGKANG
544701,NORTH EAST REGION,SENGKANG
768119,NORTH REGION,YISHUN
544818,NORTH EAST REGION,SENGKANG
544817,NORTH EAST REGION,SENGKANG
189762,CENTRAL REGION,DOWNTOWN CORE
797476,NORTH EAST REGION,SENGKANG
648155,WEST REGION,JURONG WEST
534019,NORTH EAST REGION,HOUGANG
807017,NORTH EAST REGION,SERANGOON
128808,WEST REGION,CLEMENTI
368059,CENTRAL REGION,TOA PAYOH
567701,NORTH EAST REGION,ANG MO KIO
518151,EAST REGION,PASIR RIS
544832,NORTH EAST REGION,SENGKANG
465457,EAST REGION,BEDOK
648150,WEST REGION,JURONG WEST
529598,EAST REGION,TAMPINES
677669,WEST REGION,BUKIT PANJANG
465407,EAST REGION,BEDOK
689874,WEST REGION,CHOA CHU KANG
797462,NORTH EAST REGION,SENGKANG
078882,CENTRAL REGION,DOWNTOWN CORE
567699,NORTH EAST REGION,ANG MO KIO
828712,NORTH EAST REGION,PUNGGOL
677673,WEST REGION,BUKIT PANJANG
518142,EAST REGION,PASIR RIS
387391,CENTRAL REGION,GEYLANG
677671,WEST REGION,BUKIT PANJANG
387389,CENTRAL REGION,GEYLANG
544660,NORTH EAST REGION,SENGKANG
518073,EAST REGION,PASIR RIS
387390,CENTRAL REGION,GEYLANG
768862,NORTH REGION,YISHUN
518144,EAST REGION,PASIR RIS
098183,CENTRAL REGION,SOUTHERN ISLANDS
519949,EAST REGION,PASIR RIS
689885,WEST REGION,CHOA CHU KANG
768863,NORTH REGION,YISHUN
465458,EAST REGION,BEDOK
518071,EAST REGION,PASIR RIS
518074,EAST REGION,PASIR RIS
828770,NORTH EAST REGION,PUNGGOL
544654,NORTH EAST REGION,SENGKANG
797463,NORTH EAST REGION,SENGKANG
158744,CENTRAL REGION,BUKIT MERAH
544627,NORTH EAST REGION,SENGKANG
528771,EAST REGION,TAMPINES
387387,CENTRAL REGION,GEYLANG
768102,NORTH REGION,YISHUN
534014,NORTH EAST REGION,HOUGANG
797501,NORTH EAST REGION,SENGKANG
518076,EAST REGION,PASIR RIS
518141,EAST REGION,PASIR RIS
519291,EAST REGION,PASIR RIS
519532,EAST REGION,PASIR RIS
149739,CENTRAL REGION,QUEENSTOWN
648145,WEST REGION,JURONG WEST
518143,EAST REGION,PASIR RIS
098014,CENTRAL REGION,BUKIT MERAH
768864,NORTH REGION,YISHUN
768859,NORTH REGION,YISHUN
189350,CENTRAL REGION,DOWNTOWN CORE
544662,NORTH EAST REGION,SENGKANG
544806,NORTH EAST REGION,SENGKANG
689880,WEST REGION,CHOA CHU KANG
098013,CENTRAL REGION,BUKIT MERAH
347846,CENTRAL REGION,TOA PAYOH
387386,CENTRAL REGION,GEYLANG
518072,EAST REGION,PASIR RIS
469601,EAST REGION,BEDOK
544810,NORTH EAST REGION,SENGKANG
518140,EAST REGION,PASIR RIS
567695,NORTH EAST REGION,ANG MO KIO
797502,NORTH EAST REGION,SENGKANG
168592,CENTRAL REGION,BUKIT MERAH
465423,EAST REGION,BEDOK
768073,NORTH REGION,YISHUN
519945,EAST REGION,PASIR RIS
739014,NORTH REGION,WOODLANDS
518070,EAST REGION,PASIR RIS
567700,NORTH EAST REGION,ANG MO KIO
797477,NORTH EAST REGION,SENGKANG
465459,EAST REGION,BEDOK
828795,NORTH EAST REGION,PUNGGOL
828693,NORTH EAST REGION,PUNGGOL
689884,WEST REGION,CHOA CHU KANG
828798,NORTH EAST REGION,PUNGGOL
739010,NORTH REGION,WOODLANDS
544615,NORTH EAST REGION,SENGKANG
228453,CENTRAL REGION,ROCHOR
567696,NORTH EAST REGION,ANG MO KIO
797485,NORTH EAST REGION,SENGKANG
677667,WEST REGION,BUKIT PANJANG
689881,WEST REGION,CHOA CHU KANG
529597,EAST REGION,TAMPINES
149740,CENTRAL REGION,QUEENSTOWN
677672,WEST REGION,BUKIT PANJANG
529596,EAST REGION,TAMPINES
828799,NORTH EAST REGION,PUNGGOL
529595,EAST REGION,TAMPINES
469599,EAST REGION,BEDOK
677661,WEST REGION,BUKIT PANJANG
199597,CENTRAL REGION,KALLANG
528609,EAST REGION,TAMPINES
797464,NORTH EAST REGION,SENGKANG
266630,CENTRAL REGION,BUKIT TIMAH
529603,EAST REGION,TAMPINES
178884,CENTRAL REGION,DOWNTOWN CORE
677723,WEST REGION,BUKIT PANJANG
529601,EAST REGION,TAMPINES
768005,NORTH REGION,YISHUN
768012,NORTH REGION,YISHUN
828756,NORTH EAST REGION,PUNGGOL
068814,CENTRAL REGION,DOWNTOWN CORE
419540,EAST REGION,BEDOK
828843,NORTH EAST REGION,PUNGGOL
018978,CENTRAL REGION,DOWNTOWN CORE
768009,NORTH REGION,YISHUN
519285,EAST REGION,PASIR RIS
828755,NORTH EAST REGION,PUNGGOL
739000,NORTH REGION,WOODLANDS
828840,NORTH EAST REGION,PUNGGOL
465411,EAST REGION,BEDOK
018979,CENTRAL REGION,DOWNTOWN CORE
528612,EAST REGION,TAMPINES
768072,NORTH REGION,YISHUN
465410,EAST REGION,BEDOK
428776,CENTRAL REGION,MARINE PARADE
648161,WEST REGION,JURONG WEST
768011,NORTH REGION,YISHUN
528592,EAST REGION,TAMPINES
828754,NORTH EAST REGION,PUNGGOL
159027,CENTRAL REGION,BUKIT MERAH
828841,NORTH EAST REGION,PUNGGOL
519947,EAST REGION,PASIR RIS
677666,WEST REGION,BUKIT PANJANG
567697,NORTH EAST REGION,ANG MO KIO
469598,EAST REGION,BEDOK
519953,EAST REGION,PASIR RIS
387393,CENTRAL REGION,GEYLANG
518155,EAST REGION,PASIR RIS
828765,NORTH EAST REGION,PUNGGOL
519950,EAST REGION,PASIR RIS
518168,EAST REGION,PASIR RIS
518153,EAST REGION,PASIR RIS
528570,EAST REGION,TAMPINES
128989,WEST REGION,CLEMENTI
465427,EAST REGION,BEDOK
469600,EAST REGION,BEDOK
528773,EAST REGION,TAMPINES
768070,NORTH REGION,YISHUN
528613,EAST REGION,TAMPINES
767954,NORTH REGION,SEMBAWANG
518154,EAST REGION,PASIR RIS
677727,WEST REGION,CHOA CHU KANG
465426,EAST REGION,BEDOK
528608,EAST REGION,TAMPINES
797639,NORTH EAST REGION,SENGKANG
797415,NORTH EAST REGION,SENGKANG
768075,NORTH REGION,YISHUN
739019,NORTH REGION,WOODLANDS
797416,NORTH EAST REGION,SENGKANG
797417,NORTH EAST REGION,SENGKANG
797637,NORTH EAST REGION,SENGKANG
778885,NORTH REGION,YISHUN
618724,WEST REGION,JURONG WEST
266637,CENTRAL REGION,BUKIT TIMAH
797488,NORTH EAST REGION,SENGKANG
347848,CENTRAL REGION,TOA PAYOH
677668,WEST REGION,BUKIT PANJANG
689873,WEST REGION,CHOA CHU KANG
828714,NORTH EAST REGION,PUNGGOL
689876,WEST REGION,CHOA CHU KANG
648164,WEST REGION,JURONG WEST
389783,CENTRAL REGION,GEYLANG
768010,NORTH REGION,YISHUN
387394,CENTRAL REGION,GEYLANG
689871,WEST REGION,CHOA CHU KANG
518152,EAST REGION,PASIR RIS
667981,WEST REGION,BUKIT BATOK
828757,NORTH EAST REGION,PUNGGOL
528598,EAST REGION,TAMPINES
689870,WEST REGION,CHOA CHU KANG
757096,NORTH REGION,SEMBAWANG
689875,WEST REGION,CHOA CHU KANG
576444,CENTRAL REGION,BISHAN
828842,NORTH EAST REGION,PUNGGOL
266636,CENTRAL REGION,BUKIT TIMAH
828777,NORTH EAST REGION,PUNGGOL
797638,NORTH EAST REGION,SENGKANG
519946,EAST REGION,PASIR RIS
533879,NORTH EAST REGION,HOUGANG
518085,EAST REGION,PASIR RIS
648149,WEST REGION,JURONG WEST
528614,EAST REGION,TAMPINES
828792,NORTH EAST REGION,PUNGGOL
533880,NORTH EAST REGION,HOUGANG
767975,NORTH REGION,YISHUN
828793,NORTH EAST REGION,PUNGGOL
469597,EAST REGION,BEDOK
533884,NORTH EAST REGION,HOUGANG
126753,WEST REGION,CLEMENTI
528772,EAST REGION,TAMPINES
689872,WEST REGION,CHOA CHU KANG
533883,NORTH EAST REGION,HOUGANG
519954,EAST REGION,PASIR RIS
168594,CENTRAL REGION,BUKIT MERAH
159026,CENTRAL REGION,BUKIT MERAH
689869,WEST REGION,CHOA CHU KANG
828766,NORTH EAST REGION,PUNGGOL
828767,NORTH EAST REGION,PUNGGOL
415873,EAST REGION,BEDOK
159028,CENTRAL REGION,BUKIT MERAH
168593,CENTRAL REGION,BUKIT MERAH
828768,NORTH EAST REGION,PUNGGOL
159029,CENTRAL REGION,BUKIT MERAH
528568,EAST REGION,TAMPINES
828758,NORTH EAST REGION,PUNGGOL
828790,NORTH EAST REGION,PUNGGOL
128993,WEST REGION,CLEMENTI
387388,CENTRAL REGION,GEYLANG
528769,EAST REGION,TAMPINES
737773,NORTH REGION,WOODLANDS
689886,WEST REGION,CHOA CHU KANG
677670,WEST REGION,BUKIT PANJANG
518075,EAST REGION,PASIR RIS
533867,NORTH EAST REGION,SERANGOON
757095,NORTH REGION,SEMBAWANG
533870,NORTH EAST REGION,SERANGOON
768014,NORTH REGION,YISHUN
797497,NORTH EAST REGION,SENGKANG
648159,WEST REGION,JURONG WEST
688193,WEST REGION,CHOA CHU KANG
533869,NORTH EAST REGION,SERANGOON
828775,NORTH EAST REGION,PUNGGOL
828778,NORTH EAST REGION,PUNGGOL
533874,NORTH EAST REGION,SERANGOON
768797,NORTH REGION,YISHUN
358473,CENTRAL REGION,TOA PAYOH
358474,CENTRAL REGION,TOA PAYOH
533886,NORTH EAST REGION,HOUGANG
768101,NORTH REGION,YISHUN
768103,NORTH REGION,YISHUN
768074,NORTH REGION,YISHUN
768069,NORTH REGION,YISHUN
465409,EAST REGION,BEDOK
768078,NORTH REGION,YISHUN
506894,EAST REGION,PASIR RIS
533875,NORTH EAST REGION,SERANGOON
768071,NORTH REGION,YISHUN
767992,NORTH REGION,YISHUN
667968,WEST REGION,BUKIT BATOK
528597,EAST REGION,TAMPINES
797498,NORTH EAST REGION,SENGKANG
519287,EAST REGION,PASIR RIS
319459,CENTRAL REGION,TOA PAYOH
533878,NORTH EAST REGION,HOUGANG
358455,CENTRAL REGION,TOA PAYOH
757061,NORTH REGION,SEMBAWANG
534020,NORTH EAST REGION,HOUGANG
534017,NORTH EAST REGION,HOUGANG
768007,NORTH REGION,YISHUN
533872,NORTH EAST REGION,SERANGOON
528536,EAST REGION,TAMPINES
737769,NORTH REGION,WOODLANDS
533871,NORTH EAST REGION,SERANGOON
126754,WEST REGION,CLEMENTI
389782,CENTRAL REGION,GEYLANG
739011,NORTH REGION,WOODLANDS
738998,NORTH REGION,WOODLANDS
768798,NORTH REGION,YISHUN
689882,WEST REGION,CHOA CHU KANG
519948,EAST REGION,PASIR RIS
534018,NORTH EAST REGION,HOUGANG
797486,NORTH EAST REGION,SENGKANG
528533,EAST REGION,TAMPINES
768803,NORTH REGION,YISHUN
533882,NORTH EAST REGION,HOUGANG
128992,WEST REGION,CLEMENTI
648130,WEST REGION,JURONG WEST
768697,NORTH REGION,YISHUN
737703,NORTH REGION,WOODLANDS
648146,WEST REGION,JURONG WEST
768013,NORTH REGION,YISHUN
536494,NORTH EAST REGION,SERANGOON
129961,WEST REGION,CLEMENTI
358472,CENTRAL REGION,TOA PAYOH
228478,CENTRAL REGION,ROCHOR
358453,CENTRAL REGION,TOA PAYOH
519952,EAST REGION,PASIR RIS
158745,CENTRAL REGION,BUKIT MERAH
618721,WEST REGION,JURONG WEST
149457,CENTRAL REGION,QUEENSTOWN
519290,EAST REGION,PASIR RIS
576443,CENTRAL REGION,BISHAN
528572,EAST REGION,TAMPINES
128990,WEST REGION,CLEMENTI
519284,EAST REGION,PASIR RIS
828713,NORTH EAST REGION,PUNGGOL
358454,CENTRAL REGION,TOA PAYOH
828748,NORTH EAST REGION,PUNGGOL
828750,NORTH EAST REGION,PUNGGOL
519283,EAST REGION,PASIR RIS
519951,EAST REGION,PASIR RIS
519956,EAST REGION,PASIR RIS
648157,WEST REGION,JURONG WEST
739021,NORTH REGION,WOODLANDS
688238,WEST REGION,CHOA CHU KANG
533868,NORTH EAST REGION,SERANGOON
528569,EAST REGION,TAMPINES
688209,WEST REGION,CHOA CHU KANG
519958,EAST REGION,PASIR RIS
